{
    "run_name": "Run4_llama-3.1-8b-instant_T0.2_5Assets",
    "strategy": {
        "total_return": 0.10003717551532265,
        "sharpe": 1.5699477123991177,
        "max_drawdown": -0.07484043870381822
    },
    "benchmark": {
        "total_return": 0.10003717551532265,
        "sharpe": 1.5699477123991177,
        "max_drawdown": -0.07484043870381822
    },
    "shorting_enabled": true
}