{
    "run_name": "Run5_llama-3.1-8b-instant_T0.0_5Assets",
    "strategy": {
        "total_return": 0.1055417410984687,
        "sharpe": 2.484962557694471,
        "max_drawdown": -0.049607893062989364
    },
    "benchmark": {
        "total_return": 0.10003717551532265,
        "sharpe": 1.5699477123991177,
        "max_drawdown": -0.07484043870381822
    },
    "shorting_enabled": true
}